<?xml version="1.0" encoding="utf-8"?>
<!--/1863283/1506924/2.50/6/2/Integrated Circuit/-->
<quadcept_library>
  <setting unit="mil" />
  <textstyle name="Default" height="47.244094488189" strokewidth="7.8740157480315" charwidth="47.244094488189" />
  <textstyle name="Dimension" height="19.6850393700787" strokewidth="0" charwidth="19.6850393700787" />
  <textstyle name="H127W0635TH00762" height="50" strokewidth="3" charwidth="25" />
  <textstyle name="H15W15TH02" height="59.0551181102362" strokewidth="7.8740157480315" charwidth="59.0551181102362" />
  <padstyle name="r100_70" surface="True" plated="False" isvia="False" nopaste="False" nomask="True" complex="False" holesize="0">
    <padshape layer="TOP" shape="rectangle" width="27.55905511811" height="39.370078740157" />
    <padshape layer="TOP_SOLDER_MASK" shape="rectangle" width="35.433070866141" height="47.244094488188" />
    <padshape layer="TOP_SOLDER_PASTE" shape="rectangle" width="27.55905511811" height="39.370078740157" />
  </padstyle>
  <footprint name="AP63203WU7" originx="0" originy="0" pickpointx="0" pickpointy="0">
    <pcbpin number="1" name="1" style="r100_70" originx="-37.401574803149" originy="-43.267716535433" rotation="0" />
    <pcbpin number="2" name="2" style="r100_70" originx="0" originy="-43.267716535433" rotation="0" />
    <pcbpin number="3" name="3" style="r100_70" originx="37.401574803149" originy="-43.267716535433" rotation="0" />
    <pcbpin number="4" name="4" style="r100_70" originx="37.401574803149" originy="43.267716535433" rotation="0" />
    <pcbpin number="5" name="5" style="r100_70" originx="0" originy="43.267716535433" rotation="0" />
    <pcbpin number="6" name="6" style="r100_70" originx="-37.401574803149" originy="43.267716535433" rotation="0" />
    <line layer="TOP_ASSEMBLY" originx="-57.086614173228" originy="-31.496062992126" endx="57.086614173228" endy="-31.496062992126" width="3.9370078740157" />
    <line layer="TOP_ASSEMBLY" originx="57.086614173228" originy="-31.496062992126" endx="57.086614173228" endy="31.496062992126" width="3.9370078740157" />
    <line layer="TOP_ASSEMBLY" originx="57.086614173228" originy="31.496062992126" endx="-57.086614173228" endy="31.496062992126" width="3.9370078740157" />
    <line layer="TOP_ASSEMBLY" originx="-57.086614173228" originy="31.496062992126" endx="-57.086614173228" endy="-31.496062992126" width="3.9370078740157" />
    <line layer="TOP_PLACE_BOUND" originx="-96.456692913385" originy="102.32283464567" endx="96.456692913385" endy="102.32283464567" width="3.9370078740157" />
    <line layer="TOP_PLACE_BOUND" originx="96.456692913385" originy="102.32283464567" endx="96.456692913385" endy="-102.32283464567" width="3.9370078740157" />
    <line layer="TOP_PLACE_BOUND" originx="96.456692913385" originy="-102.32283464567" endx="-96.456692913385" endy="-102.32283464567" width="3.9370078740157" />
    <line layer="TOP_PLACE_BOUND" originx="-96.456692913385" originy="-102.32283464567" endx="-96.456692913385" endy="102.32283464567" width="3.9370078740157" />
    <line layer="TOP_SILKSCREEN" originx="-57.086614173228" originy="15.748031496063" endx="-57.086614173228" endy="-15.748031496063" width="7.8740157480314" />
    <line layer="TOP_SILKSCREEN" originx="57.086614173228" originy="15.748031496063" endx="57.086614173228" endy="-15.748031496063" width="7.8740157480314" />
    <line layer="TOP_SILKSCREEN" originx="-37.401574803149" originy="-78.740157480314" endx="-37.401574803149" endy="-78.740157480314" width="3.9370078740157" />
    <arc layer="TOP_SILKSCREEN" originx="-37.401574803149" originy="-80.708661417322" startangle="90.0" sweepangle="180.0" radius="1.9685039370079" width="3.9370078740157" />
    <line layer="TOP_SILKSCREEN" originx="-37.401574803149" originy="-82.67716535433" endx="-37.401574803149" endy="-82.67716535433" width="3.9370078740157" />
    <arc layer="TOP_SILKSCREEN" originx="-37.401574803149" originy="-80.708661417322" startangle="-90.0" sweepangle="180.0" radius="1.9685039370079" width="3.9370078740157" />
  </footprint>
  <symbol name="AP63203WU-7" originx="0" originy="0">
    <line originx="200" originy="100" endx="800" endy="100" width="0" />
    <line originx="800" originy="-300" endx="800" endy="100" width="0" />
    <line originx="800" originy="-300" endx="200" endy="-300" width="0" />
    <line originx="200" originy="100" endx="200" endy="-300" width="0" />
    <sympin number="1" originx="200" originy="0" rotation="180" length="100" width="7.8740157480315" flipped="False">
      <text name="pinname" originx="230" originy="0" style="Default" rotation="0" justify="left" flipped="False" hidden="False" data="FB" />
      <text name="pindes" originx="140" originy="20" style="Default" rotation="0" justify="lowerright" flipped="False" hidden="False" data="1" />
    </sympin>
    <sympin number="2" originx="200" originy="-100" rotation="180" length="100" width="7.8740157480315" flipped="False">
      <text name="pinname" originx="230" originy="-100" style="Default" rotation="0" justify="left" flipped="False" hidden="False" data="EN" />
      <text name="pindes" originx="140" originy="-80" style="Default" rotation="0" justify="lowerright" flipped="False" hidden="False" data="2" />
    </sympin>
    <sympin number="3" originx="200" originy="-200" rotation="180" length="100" width="7.8740157480315" flipped="False">
      <text name="pinname" originx="230" originy="-200" style="Default" rotation="0" justify="left" flipped="False" hidden="False" data="VIN" />
      <text name="pindes" originx="140" originy="-180" style="Default" rotation="0" justify="lowerright" flipped="False" hidden="False" data="3" />
    </sympin>
    <sympin number="4" originx="800" originy="-200" rotation="0" length="100" width="7.8740157480315" flipped="False">
      <text name="pinname" originx="770" originy="-200" style="Default" rotation="0" justify="right" flipped="False" hidden="False" data="GND" />
      <text name="pindes" originx="860" originy="-180" style="Default" rotation="0" justify="lowerleft" flipped="False" hidden="False" data="4" />
    </sympin>
    <sympin number="5" originx="800" originy="-100" rotation="0" length="100" width="7.8740157480315" flipped="False">
      <text name="pinname" originx="770" originy="-100" style="Default" rotation="0" justify="right" flipped="False" hidden="False" data="SW" />
      <text name="pindes" originx="860" originy="-80" style="Default" rotation="0" justify="lowerleft" flipped="False" hidden="False" data="5" />
    </sympin>
    <sympin number="6" originx="800" originy="0" rotation="0" length="100" width="7.8740157480315" flipped="False">
      <text name="pinname" originx="770" originy="0" style="Default" rotation="0" justify="right" flipped="False" hidden="False" data="BST" />
      <text name="pindes" originx="860" originy="20" style="Default" rotation="0" justify="lowerleft" flipped="False" hidden="False" data="6" />
    </sympin>
  </symbol>
  <component name="AP63203WU-7" designatorprefix="IC" height="39.370078740157" footprint="AP63203WU7">
    <comppin designator="1" sympin="1" pinswap="0" gateswap="0" gate="1" group="1" side="" type="Any" name="FB" />
    <comppin designator="2" sympin="2" pinswap="0" gateswap="0" gate="1" group="1" side="" type="Any" name="EN" />
    <comppin designator="3" sympin="3" pinswap="0" gateswap="0" gate="1" group="1" side="" type="Any" name="VIN" />
    <comppin designator="4" sympin="4" pinswap="0" gateswap="0" gate="1" group="1" side="" type="Any" name="GND" />
    <comppin designator="5" sympin="5" pinswap="0" gateswap="0" gate="1" group="1" side="" type="Any" name="SW" />
    <comppin designator="6" sympin="6" pinswap="0" gateswap="0" gate="1" group="1" side="" type="Any" name="BST" />
    <attached_symbol gate="1" name="AP63203WU-7" />
    <pinmap designator="1" footprintpin="1" />
    <pinmap designator="2" footprintpin="2" />
    <pinmap designator="3" footprintpin="3" />
    <pinmap designator="4" footprintpin="4" />
    <pinmap designator="5" footprintpin="5" />
    <pinmap designator="6" footprintpin="6" />
    <text name="Datasheet" originx="0" originy="0" style="Default" rotation="0" justify="" flipped="False" hidden="True" data="https://www.diodes.com/assets/Datasheets/AP63200-AP63201-AP63203-AP63205.pdf" />
    <text name="Description" originx="0" originy="0" style="Default" rotation="0" justify="" flipped="False" hidden="True" data="Switching Voltage Regulators DCDC Conv HV Buck TSOT26 T&amp;R 3K" />
    <text name="Mouser Part Number" originx="0" originy="0" style="Default" rotation="0" justify="" flipped="False" hidden="True" data="621-AP63203WU-7" />
    <text name="Mouser Price/Stock" originx="0" originy="0" style="Default" rotation="0" justify="" flipped="False" hidden="True" data="https://www.mouser.co.uk/ProductDetail/Diodes-Incorporated/AP63203WU-7?qs=u16ybLDytRZ1JqxbuLkMJw%3D%3D" />
    <text name="Manufacturer_Name" originx="0" originy="0" style="Default" rotation="0" justify="" flipped="False" hidden="True" data="Diodes Incorporated" />
    <text name="Manufacturer_Part_Number" originx="850" originy="200" style="Default" rotation="0" justify="left" flipped="False" hidden="False" data="AP63203WU-7" />
  </component>
</quadcept_library>
