<?xml version="1.0" encoding="utf-8"?>
<!--/975344/1506924/2.50/14/4/Connector/-->
<quadcept_library>
  <setting unit="mil" />
  <textstyle name="Default" height="47.244094488189" strokewidth="7.8740157480315" charwidth="47.244094488189" />
  <textstyle name="Dimension" height="19.6850393700787" strokewidth="0" charwidth="19.6850393700787" />
  <textstyle name="H127W0635TH00762" height="50" strokewidth="3" charwidth="25" />
  <textstyle name="H15W15TH02" height="59.0551181102362" strokewidth="7.8740157480315" charwidth="59.0551181102362" />
  <padstyle name="r190_60" surface="True" plated="False" isvia="False" nopaste="False" nomask="True" complex="False" holesize="0">
    <padshape layer="TOP" shape="rectangle" width="23.622047244094" height="74.803149606298" />
    <padshape layer="TOP_SOLDER_MASK" shape="rectangle" width="31.496062992126" height="82.67716535433" />
    <padshape layer="TOP_SOLDER_PASTE" shape="rectangle" width="23.622047244094" height="74.803149606298" />
  </padstyle>
  <padstyle name="r280_210" surface="True" plated="False" isvia="False" nopaste="False" nomask="True" complex="False" holesize="0">
    <padshape layer="TOP" shape="rectangle" width="82.67716535433" height="110.23622047244" />
    <padshape layer="TOP_SOLDER_MASK" shape="rectangle" width="90.551181102361" height="118.11023622047" />
    <padshape layer="TOP_SOLDER_PASTE" shape="rectangle" width="82.67716535433" height="110.23622047244" />
  </padstyle>
  <footprint name="0522071233" originx="0" originy="0" pickpointx="0" pickpointy="0">
    <pcbpin number="1" name="1" style="r190_60" originx="-216.53543307086" originy="37.401574803149" rotation="0" />
    <pcbpin number="2" name="2" style="r190_60" originx="-177.16535433071" originy="37.401574803149" rotation="0" />
    <pcbpin number="3" name="3" style="r190_60" originx="-137.79527559055" originy="37.401574803149" rotation="0" />
    <pcbpin number="4" name="4" style="r190_60" originx="-98.425196850392" originy="37.401574803149" rotation="0" />
    <pcbpin number="5" name="5" style="r190_60" originx="-59.055118110235" originy="37.401574803149" rotation="0" />
    <pcbpin number="6" name="6" style="r190_60" originx="-19.685039370078" originy="37.401574803149" rotation="0" />
    <pcbpin number="7" name="7" style="r190_60" originx="19.685039370078" originy="37.401574803149" rotation="0" />
    <pcbpin number="8" name="8" style="r190_60" originx="59.055118110235" originy="37.401574803149" rotation="0" />
    <pcbpin number="9" name="9" style="r190_60" originx="98.425196850392" originy="37.401574803149" rotation="0" />
    <pcbpin number="10" name="10" style="r190_60" originx="137.79527559055" originy="37.401574803149" rotation="0" />
    <pcbpin number="11" name="11" style="r190_60" originx="177.16535433071" originy="37.401574803149" rotation="0" />
    <pcbpin number="12" name="12" style="r190_60" originx="216.53543307086" originy="37.401574803149" rotation="0" />
    <pcbpin number="13" name="MP1" style="r280_210" originx="-340.55118110236" originy="-55.11811023622" rotation="0" />
    <pcbpin number="14" name="MP2" style="r280_210" originx="340.55118110236" originy="-55.11811023622" rotation="0" />
    <line layer="TOP_ASSEMBLY" originx="-328.74015748031" originy="-23.622047244094" endx="328.74015748031" endy="-23.622047244094" width="7.8740157480314" />
    <line layer="TOP_ASSEMBLY" originx="328.74015748031" originy="-23.622047244094" endx="328.74015748031" endy="-295.27559055118" width="7.8740157480314" />
    <line layer="TOP_ASSEMBLY" originx="328.74015748031" originy="-295.27559055118" endx="-328.74015748031" endy="-295.27559055118" width="7.8740157480314" />
    <line layer="TOP_ASSEMBLY" originx="-328.74015748031" originy="-295.27559055118" endx="-328.74015748031" endy="-23.622047244094" width="7.8740157480314" />
    <line layer="TOP_PLACE_BOUND" originx="-421.25984251968" originy="114.17322834646" endx="421.25984251968" endy="114.17322834646" width="3.9370078740157" />
    <line layer="TOP_PLACE_BOUND" originx="421.25984251968" originy="114.17322834646" endx="421.25984251968" endy="-334.64566929133" width="3.9370078740157" />
    <line layer="TOP_PLACE_BOUND" originx="421.25984251968" originy="-334.64566929133" endx="-421.25984251968" endy="-334.64566929133" width="3.9370078740157" />
    <line layer="TOP_PLACE_BOUND" originx="-421.25984251968" originy="-334.64566929133" endx="-421.25984251968" endy="114.17322834646" width="3.9370078740157" />
    <line layer="TOP_SILKSCREEN" originx="-275.5905511811" originy="-23.622047244094" endx="275.5905511811" endy="-23.622047244094" width="3.9370078740157" />
    <line layer="TOP_SILKSCREEN" originx="-328.74015748031" originy="-128.93700787401" endx="-328.74015748031" endy="-295.27559055118" width="3.9370078740157" />
    <line layer="TOP_SILKSCREEN" originx="-328.74015748031" originy="-295.27559055118" endx="328.74015748031" endy="-295.27559055118" width="3.9370078740157" />
    <line layer="TOP_SILKSCREEN" originx="328.74015748031" originy="-295.27559055118" endx="328.74015748031" endy="-128.93700787401" width="3.9370078740157" />
  </footprint>
  <symbol name="0522071233" originx="0" originy="0">
    <line originx="200" originy="100" endx="800" endy="100" width="0" />
    <line originx="800" originy="-1200" endx="800" endy="100" width="0" />
    <line originx="800" originy="-1200" endx="200" endy="-1200" width="0" />
    <line originx="200" originy="100" endx="200" endy="-1200" width="0" />
    <sympin number="1" originx="800" originy="0" rotation="0" length="100" width="7.8740157480315" flipped="False">
      <text name="pinname" originx="770" originy="0" style="Default" rotation="0" justify="right" flipped="False" hidden="False" data="1" />
      <text name="pindes" originx="860" originy="20" style="Default" rotation="0" justify="lowerleft" flipped="False" hidden="False" data="1" />
    </sympin>
    <sympin number="2" originx="800" originy="-100" rotation="0" length="100" width="7.8740157480315" flipped="False">
      <text name="pinname" originx="770" originy="-100" style="Default" rotation="0" justify="right" flipped="False" hidden="False" data="2" />
      <text name="pindes" originx="860" originy="-80" style="Default" rotation="0" justify="lowerleft" flipped="False" hidden="False" data="2" />
    </sympin>
    <sympin number="3" originx="800" originy="-200" rotation="0" length="100" width="7.8740157480315" flipped="False">
      <text name="pinname" originx="770" originy="-200" style="Default" rotation="0" justify="right" flipped="False" hidden="False" data="3" />
      <text name="pindes" originx="860" originy="-180" style="Default" rotation="0" justify="lowerleft" flipped="False" hidden="False" data="3" />
    </sympin>
    <sympin number="4" originx="800" originy="-300" rotation="0" length="100" width="7.8740157480315" flipped="False">
      <text name="pinname" originx="770" originy="-300" style="Default" rotation="0" justify="right" flipped="False" hidden="False" data="4" />
      <text name="pindes" originx="860" originy="-280" style="Default" rotation="0" justify="lowerleft" flipped="False" hidden="False" data="4" />
    </sympin>
    <sympin number="5" originx="800" originy="-400" rotation="0" length="100" width="7.8740157480315" flipped="False">
      <text name="pinname" originx="770" originy="-400" style="Default" rotation="0" justify="right" flipped="False" hidden="False" data="5" />
      <text name="pindes" originx="860" originy="-380" style="Default" rotation="0" justify="lowerleft" flipped="False" hidden="False" data="5" />
    </sympin>
    <sympin number="6" originx="800" originy="-500" rotation="0" length="100" width="7.8740157480315" flipped="False">
      <text name="pinname" originx="770" originy="-500" style="Default" rotation="0" justify="right" flipped="False" hidden="False" data="6" />
      <text name="pindes" originx="860" originy="-480" style="Default" rotation="0" justify="lowerleft" flipped="False" hidden="False" data="6" />
    </sympin>
    <sympin number="7" originx="800" originy="-600" rotation="0" length="100" width="7.8740157480315" flipped="False">
      <text name="pinname" originx="770" originy="-600" style="Default" rotation="0" justify="right" flipped="False" hidden="False" data="7" />
      <text name="pindes" originx="860" originy="-580" style="Default" rotation="0" justify="lowerleft" flipped="False" hidden="False" data="7" />
    </sympin>
    <sympin number="8" originx="800" originy="-700" rotation="0" length="100" width="7.8740157480315" flipped="False">
      <text name="pinname" originx="770" originy="-700" style="Default" rotation="0" justify="right" flipped="False" hidden="False" data="8" />
      <text name="pindes" originx="860" originy="-680" style="Default" rotation="0" justify="lowerleft" flipped="False" hidden="False" data="8" />
    </sympin>
    <sympin number="9" originx="800" originy="-800" rotation="0" length="100" width="7.8740157480315" flipped="False">
      <text name="pinname" originx="770" originy="-800" style="Default" rotation="0" justify="right" flipped="False" hidden="False" data="9" />
      <text name="pindes" originx="860" originy="-780" style="Default" rotation="0" justify="lowerleft" flipped="False" hidden="False" data="9" />
    </sympin>
    <sympin number="10" originx="800" originy="-900" rotation="0" length="100" width="7.8740157480315" flipped="False">
      <text name="pinname" originx="770" originy="-900" style="Default" rotation="0" justify="right" flipped="False" hidden="False" data="10" />
      <text name="pindes" originx="860" originy="-880" style="Default" rotation="0" justify="lowerleft" flipped="False" hidden="False" data="10" />
    </sympin>
    <sympin number="11" originx="800" originy="-1000" rotation="0" length="100" width="7.8740157480315" flipped="False">
      <text name="pinname" originx="770" originy="-1000" style="Default" rotation="0" justify="right" flipped="False" hidden="False" data="11" />
      <text name="pindes" originx="860" originy="-980" style="Default" rotation="0" justify="lowerleft" flipped="False" hidden="False" data="11" />
    </sympin>
    <sympin number="12" originx="800" originy="-1100" rotation="0" length="100" width="7.8740157480315" flipped="False">
      <text name="pinname" originx="770" originy="-1100" style="Default" rotation="0" justify="right" flipped="False" hidden="False" data="12" />
      <text name="pindes" originx="860" originy="-1080" style="Default" rotation="0" justify="lowerleft" flipped="False" hidden="False" data="12" />
    </sympin>
    <sympin number="13" originx="200" originy="0" rotation="180" length="100" width="7.8740157480315" flipped="False">
      <text name="pinname" originx="230" originy="0" style="Default" rotation="0" justify="left" flipped="False" hidden="False" data="MP1" />
      <text name="pindes" originx="140" originy="20" style="Default" rotation="0" justify="lowerright" flipped="False" hidden="False" data="MP1" />
    </sympin>
    <sympin number="14" originx="200" originy="-100" rotation="180" length="100" width="7.8740157480315" flipped="False">
      <text name="pinname" originx="230" originy="-100" style="Default" rotation="0" justify="left" flipped="False" hidden="False" data="MP2" />
      <text name="pindes" originx="140" originy="-80" style="Default" rotation="0" justify="lowerright" flipped="False" hidden="False" data="MP2" />
    </sympin>
  </symbol>
  <component name="0522071233" designatorprefix="J" height="114.17322834646" footprint="0522071233">
    <comppin designator="1" sympin="1" pinswap="0" gateswap="0" gate="1" group="1" side="" type="Any" name="1" />
    <comppin designator="2" sympin="2" pinswap="0" gateswap="0" gate="1" group="1" side="" type="Any" name="2" />
    <comppin designator="3" sympin="3" pinswap="0" gateswap="0" gate="1" group="1" side="" type="Any" name="3" />
    <comppin designator="4" sympin="4" pinswap="0" gateswap="0" gate="1" group="1" side="" type="Any" name="4" />
    <comppin designator="5" sympin="5" pinswap="0" gateswap="0" gate="1" group="1" side="" type="Any" name="5" />
    <comppin designator="6" sympin="6" pinswap="0" gateswap="0" gate="1" group="1" side="" type="Any" name="6" />
    <comppin designator="7" sympin="7" pinswap="0" gateswap="0" gate="1" group="1" side="" type="Any" name="7" />
    <comppin designator="8" sympin="8" pinswap="0" gateswap="0" gate="1" group="1" side="" type="Any" name="8" />
    <comppin designator="9" sympin="9" pinswap="0" gateswap="0" gate="1" group="1" side="" type="Any" name="9" />
    <comppin designator="10" sympin="10" pinswap="0" gateswap="0" gate="1" group="1" side="" type="Any" name="10" />
    <comppin designator="11" sympin="11" pinswap="0" gateswap="0" gate="1" group="1" side="" type="Any" name="11" />
    <comppin designator="12" sympin="12" pinswap="0" gateswap="0" gate="1" group="1" side="" type="Any" name="12" />
    <comppin designator="MP1" sympin="13" pinswap="0" gateswap="0" gate="1" group="1" side="" type="Any" name="MP1" />
    <comppin designator="MP2" sympin="14" pinswap="0" gateswap="0" gate="1" group="1" side="" type="Any" name="MP2" />
    <attached_symbol gate="1" name="0522071233" />
    <pinmap designator="1" footprintpin="1" />
    <pinmap designator="2" footprintpin="2" />
    <pinmap designator="3" footprintpin="3" />
    <pinmap designator="4" footprintpin="4" />
    <pinmap designator="5" footprintpin="5" />
    <pinmap designator="6" footprintpin="6" />
    <pinmap designator="7" footprintpin="7" />
    <pinmap designator="8" footprintpin="8" />
    <pinmap designator="9" footprintpin="9" />
    <pinmap designator="10" footprintpin="10" />
    <pinmap designator="11" footprintpin="11" />
    <pinmap designator="12" footprintpin="12" />
    <pinmap designator="MP1" footprintpin="13" />
    <pinmap designator="MP2" footprintpin="14" />
    <text name="Datasheet" originx="0" originy="0" style="Default" rotation="0" justify="" flipped="False" hidden="True" data="https://www.arrow.com/en/products/0522071233/molex" />
    <text name="Description" originx="0" originy="0" style="Default" rotation="0" justify="" flipped="False" hidden="True" data="Easy-On Type FFC/FPC Connector, Right-Angle, Surface Mount, ZIF, Top Contact Style Receptacle, 12 Circuits, High Barrier Packaging" />
    <text name="Arrow Part Number" originx="0" originy="0" style="Default" rotation="0" justify="" flipped="False" hidden="True" data="0522071233" />
    <text name="Arrow Price/Stock" originx="0" originy="0" style="Default" rotation="0" justify="" flipped="False" hidden="True" data="https://www.arrow.com/en/products/0522071233/molex" />
    <text name="Manufacturer_Name" originx="0" originy="0" style="Default" rotation="0" justify="" flipped="False" hidden="True" data="Molex" />
    <text name="Manufacturer_Part_Number" originx="850" originy="200" style="Default" rotation="0" justify="left" flipped="False" hidden="False" data="0522071233" />
  </component>
</quadcept_library>
